Workbook

Sheet README
A1: Illumination power at the sample plane — bench worksheet
A2: Mirrors kb/calibrations/illumination-power.yaml. Fill the YELLOW cells only.
A4: What this unblocks, and what it does not
A5: power_at_sample_mw is {} for every line of every source today, so
A6: optics.path.excitation_rate_per_s returns None and lens 5 is BLOCKED by design.
A8: UNBLOCKED by this measurement: G21 (light-driving) · G22 (total dose)
A9: STILL BLOCKED afterwards: G10 (photobleaching)
A10: G10 needs bleach_photons, which is per dye and empty for every dye. A power meter
A11: cannot supply it. Afterwards, say "G10 only" — not "lens 5 works now".
A13: Two traps, both checked on the Checks tab before any mW is written
A14: 1. The spot may be larger than the sensor.
A15: A head reads only what lands on its element. If the illuminated field at 4x
... A54: An empty cell is a valid result. A wrong one is not.

Sheet Meta
A1: Provenance — a measurement without this is not re-usable
A2: docs/02 §1: date and measurer are mandatory for anything in kb/calibrations/.
A4: Field | B4: Value | C4: What it means
A5: date | C5: YYYY-MM-DD
A6: measured_by | C6: who was at the bench
A7: meter_model
A8: head_type | C8: thermal | photodiode
A9: head_wavelength_set | C9: nm the meter was set to — note if changed per line
A10: head_aperture_mm | C10: sensor diameter (trap 1)
A11: head_position | C11: e.g. "on the stage, at the sample plane"
A12: mm_config | C12: which .cfg was loaded
A13: room_light | C13: on | off | shrouded
A14: 100x_oil_decision | C14: measured | deferred | out of scope
A15: notes

Sheet Checks
A1: Pre-checks — these gate every row on the Power tab
A3: 1. Does the illuminated spot fit inside the sensor?
A4: If FALSE for an objective, every mW at that objective is a LOWER BOUND, not a measurement.
A5: Objective | B5: Fits? (TRUE/FALSE)
A6: 4x
A7: 10x
A8: 20x
A10: 2. Is 0% the same as the shutter closed?
A11: Any difference is leakage, and belongs in the record rather than in the noise.
A12: Reading | B12: mW
A13: at 0% level
A14: shutter closed
A15: difference (leakage) | B15: =IFERROR(B13-B14,"")
A17: 3. Which state is the instrument's NORMAL running config?
A18: Every ratio on the Derived tab is taken against it.
A19: mirror | C19: in | out
A20: multiband | C20: in | out
A21: ir | C21: in | out
A22: objective | C22: e.g. 20x

Sheet Power
A1: Power at the sample plane — 13 rows per line
A2: Fill column J (mW) and, where useful, K. Everything else is the condition, already decided.
A3: Blue row = the reference every ratio is taken against. Grey row = worked example, do not fill.
A5: Block | B5: Purpose | C5: Source | D5: Line (nm) | E5: Objective | F5: Mirror | G5: Multiband | H5: IR | I5: Level % | J5: mW | K5: Notes
A6: (example) | B6: REFERENCE | C6: Aura | D6: 488 | E6: 20x | F6: in | G6: in | H6: in | I6: 100 | J6: 1.234 | K6: head centred, room dark
A8: Line 1 | B8: linearity | E8: 20x | F8: in | G8: in | H8: in | I8: 0
A9: Line 1 | B9: linearity | E9: 20x | F9: in | G9: in | H9: in | I9: 5
A10: Line 1 | B10: linearity | E10: 20x | F10: in | G10: in | H10: in | I10: 10
A11: Line 1 | B11: linearity | E11: 20x | F11: in | G11: in | H11: in | I11: 30
A12: Line 1 | B12: linearity | E12: 20x | F12: in | G12: in | H12: in | I12: 50
A13: Line 1 | B13: REFERENCE | E13: 20x | F13: in | G13: in | H13: in | I13: 100
A14: Line 1 | B14: objective | E14: 4x | F14: in | G14: in | H14: in | I14: 100
A15: Line 1 | B15: objective | E15: 10x | F15: in | G15: in | H15: in | I15: 100
A16: Line 1 | B16: element | E16: 20x | F16: out | G16: in | H16: in | I16: 100
A17: Line 1 | B17: element | E17: 20x | F17: in | G17: out | H17: in | I17: 100
A18: Line 1 | B18: element | E18: 20x | F18: in | G18: in | H18: out | I18: 100
A19: Line 1 | B19: cross-check | E19: 20x | F19: out | G19: out | H19: in | I19: 100
... A62: Line 4 | B62: cross-check | E62: 20x | F62: out | G62: out | H62: out | I62: 100

Sheet Area
A1: Illuminated area — the half a power meter does not give
A2: Image a uniform fluorescent slide or dye solution; measure the illuminated disc's diameter in pixels.
A3: In data/pixel_size.yaml only 20x is evidence: measured. 4x and 10x are nominal, so their area inherits nominal unless the pixel size is measured in the same session (python -m calibration.cli intermediate-mag <cfg>).
A5: Objective | B5: Diameter (px) | C5: um/px | D5: px evidence | E5: Shape | F5: Area (um^2) | G5: Area (cm^2)
A6: 4x | F6: =IFERROR(PI()*(B6*C6/2)^2,"") | G6: =IFERROR(F6*1E-8,"")
A7: 10x | F7: =IFERROR(PI()*(B7*C7/2)^2,"") | G7: =IFERROR(F7*1E-8,"")
A8: 20x | F8: =IFERROR(PI()*(B8*C8/2)^2,"") | G8: =IFERROR(F8*1E-8,"")
A10: nominal | measured — write it, the tier travels with the number
A11: Shape: disc | vignetted | field-filling. A vignetted field is not a disc of that diameter.

Sheet Derived
A1: Computed at the bench — nothing here is filled by hand
A2: Blank until the Power tab has values. Watch the cross-check while you measure.
A4: Block 1 | B4: =IFERROR(Power!C8&" "&Power!D8&" nm","")
A5: Linearity | F5: linear_in_level is TRUE only if these deviations stay small
A6: Level % | B6: Measured mW | C6: If linear | D6: Deviation
A7: 0 | B7: =IFERROR(Power!J8,"") | C7: =IFERROR(Power!J13*0/100,"") | D7: =IFERROR(Power!J8/(Power!J13*0/100)-1,"")
A8: 5 | B8: =IFERROR(Power!J9,"") | C8: =IFERROR(Power!J13*5/100,"") | D8: =IFERROR(Power!J9/(Power!J13*5/100)-1,"")
A9: 10 | B9: =IFERROR(Power!J10,"") | C9: =IFERROR(Power!J13*10/100,"") | D9: =IFERROR(Power!J10/(Power!J13*10/100)-1,"")
A10: 30 | B10: =IFERROR(Power!J11,"") | C10: =IFERROR(Power!J13*30/100,"") | D10: =IFERROR(Power!J11/(Power!J13*30/100)-1,"")
A11: 50 | B11: =IFERROR(Power!J12,"") | C11: =IFERROR(Power!J13*50/100,"") | D11: =IFERROR(Power!J12/(Power!J13*50/100)-1,"")
A12: 100 | B12: =IFERROR(Power!J13,"") | C12: =IFERROR(Power!J13*100/100,"") | D12: =IFERROR(Power!J13/(Power!J13*100/100)-1,"")
A14: Element transmission | F14: T = reference / (that element removed). T<1 means it attenuates.
A15: Element | B15: mW with it out | C15: T
A16: mirror | B16: =IFERROR(Power!J16,"") | C16: =IFERROR(Power!J13/Power!J16,"")
A17: multiband | B17: =IFERROR(Power!J17,"") | C17: =IFERROR(Power!J13/Power!J17,"")
A18: IR | B18: =IFERROR(Power!J18,"") | C18: =IFERROR(Power!J13/Power!J18,"")
A20: Cross-check: does the product hold? | F20: If agreement departs from 1.00, the 13-row reduction is void.
A21: Case | B21: Predicted mW | C21: Measured mW | D21: Agreement
A22: mirror + multiband out | B22: =IFERROR(Power!J13/(C16*C17),"") | C22: =IFERROR(Power!J19,"") | D22: =IFERROR(Power!J19/(Power!J13/(C16*C17)),"")
A23: all three out | B23: =IFERROR(Power!J13/(C16*C17*C18),"") | C23: =IFERROR(Power!J20,"") | D23: =IFERROR(Power!J20/(Power!J13/(C16*C17*C18)),"")
A25: Per objective, and the number the gates actually eat
A26: Objective | B26: mW @100% | C26: vs 20x | D26: Area (cm^2) | E26: Irradiance (W/cm^2)
A27: 4x | B27: =IFERROR(Power!J14,"") | C27: =IFERROR(Power!J14/Power!J13,"") | D27: =IFERROR(Area!G6,"") | E27: =IFERROR((Power!J14/1000)/Area!G6,"")
A28: 10x | B28: =IFERROR(Power!J15,"") | C28: =IFERROR(Power!J15/Power!J13,"") | D28: =IFERROR(Area!G7,"") | E28: =IFERROR((Power!J15/1000)/Area!G7,"")
A29: 20x | B29: =IFERROR(Power!J13,"") | C29: =IFERROR(Power!J13/Power!J13,"") | D29: =IFERROR(Area!G8,"") | E29: =IFERROR((Power!J13/1000)/Area!G8,"")
A32: Block 2 | B32: =IFERROR(Power!C22&" "&Power!D22&" nm","")
A33: Linearity | F33: linear_in_level is TRUE only if these deviations stay small
A34: Level % | B34: Measured mW | C34: If linear | D34: Deviation
A35: 0 | B35: =IFERROR(Power!J22,"") | C35: =IFERROR(Power!J27*0/100,"") | D35: =IFERROR(Power!J22/(Power!J27*0/100)-1,"")
A36: 5 | B36: =IFERROR(Power!J23,"") | C36: =IFERROR(Power!J27*5/100,"") | D36: =IFERROR(Power!J23/(Power!J27*5/100)-1,"")
A37: 10 | B37: =IFERROR(Power!J24,"") | C37: =IFERROR(Power!J27*10/100,"") | D37: =IFERROR(Power!J24/(Power!J27*10/100)-1,"")
A38: 30 | B38: =IFERROR(Power!J25,"") | C38: =IFERROR(Power!J27*30/100,"") | D38: =IFERROR(Power!J25/(Power!J27*30/100)-1,"")
A39: 50 | B39: =IFERROR(Power!J26,"") | C39: =IFERROR(Power!J27*50/100,"") | D39: =IFERROR(Power!J26/(Power!J27*50/100)-1,"")
A40: 100 | B40: =IFERROR(Power!J27,"") | C40: =IFERROR(Power!J27*100/100,"") | D40: =IFERROR(Power!J27/(Power!J27*100/100)-1,"")
A42: Element transmission | F42: T = reference / (that element removed). T<1 means it attenuates.
A43: Element | B43: mW with it out | C43: T
A44: mirror | B44: =IFERROR(Power!J30,"") | C44: =IFERROR(Power!J27/Power!J30,"")
A45: multiband | B45: =IFERROR(Power!J31,"") | C45: =IFERROR(Power!J27/Power!J31,"")
A46: IR | B46: =IFERROR(Power!J32,"") | C46: =IFERROR(Power!J27/Power!J32,"")
A48: Cross-check: does the product hold? | F48: If agreement departs from 1.00, the 13-row reduction is void.
A49: Case | B49: Predicted mW | C49: Measured mW | D49: Agreement
A50: mirror + multiband out | B50: =IFERROR(Power!J27/(C44*C45),"") | C50: =IFERROR(Power!J33,"") | D50: =IFERROR(Power!J33/(Power!J27/(C44*C45)),"")
A51: all three out | B51: =IFERROR(Power!J27/(C44*C45*C46),"") | C51: =IFERROR(Power!J34,"") | D51: =IFERROR(Power!J34/(Power!J27/(C44*C45*C46)),"")
A53: Per objective, and the number the gates actually eat
A54: Objective | B54: mW @100% | C54: vs 20x | D54: Area (cm^2) | E54: Irradiance (W/cm^2)
A55: 4x | B55: =IFERROR(Power!J28,"") | C55: =IFERROR(Power!J28/Power!J27,"") | D55: =IFERROR(Area!G6,"") | E55: =IFERROR((Power!J28/1000)/Area!G6,"")
A56: 10x | B56: =IFERROR(Power!J29,"") | C56: =IFERROR(Power!J29/Power!J27,"") | D56: =IFERROR(Area!G7,"") | E56: =IFERROR((Power!J29/1000)/Area!G7,"")
A57: 20x | B57: =IFERROR(Power!J27,"") | C57: =IFERROR(Power!J27/Power!J27,"") | D57: =IFERROR(Area!G8,"") | E57: =IFERROR((Power!J27/1000)/Area!G8,"")
A60: Block 3 | B60: =IFERROR(Power!C36&" "&Power!D36&" nm","")
A61: Linearity | F61: linear_in_level is TRUE only if these deviations stay small
A62: Level % | B62: Measured mW | C62: If linear | D62: Deviation
A63: 0 | B63: =IFERROR(Power!J36,"") | C63: =IFERROR(Power!J41*0/100,"") | D63: =IFERROR(Power!J36/(Power!J41*0/100)-1,"")
A64: 5 | B64: =IFERROR(Power!J37,"") | C64: =IFERROR(Power!J41*5/100,"") | D64: =IFERROR(Power!J37/(Power!J41*5/100)-1,"")
A65: 10 | B65: =IFERROR(Power!J38,"") | C65: =IFERROR(Power!J41*10/100,"") | D65: =IFERROR(Power!J38/(Power!J41*10/100)-1,"")
A66: 30 | B66: =IFERROR(Power!J39,"") | C66: =IFERROR(Power!J41*30/100,"") | D66: =IFERROR(Power!J39/(Power!J41*30/100)-1,"")
A67: 50 | B67: =IFERROR(Power!J40,"") | C67: =IFERROR(Power!J41*50/100,"") | D67: =IFERROR(Power!J40/(Power!J41*50/100)-1,"")
A68: 100 | B68: =IFERROR(Power!J41,"") | C68: =IFERROR(Power!J41*100/100,"") | D68: =IFERROR(Power!J41/(Power!J41*100/100)-1,"")
A70: Element transmission | F70: T = reference / (that element removed). T<1 means it attenuates.
A71: Element | B71: mW with it out | C71: T
A72: mirror | B72: =IFERROR(Power!J44,"") | C72: =IFERROR(Power!J41/Power!J44,"")
A73: multiband | B73: =IFERROR(Power!J45,"") | C73: =IFERROR(Power!J41/Power!J45,"")
A74: IR | B74: =IFERROR(Power!J46,"") | C74: =IFERROR(Power!J41/Power!J46,"")
A76: Cross-check: does the product hold? | F76: If agreement departs from 1.00, the 13-row reduction is void.
A77: Case | B77: Predicted mW | C77: Measured mW | D77: Agreement
A78: mirror + multiband out | B78: =IFERROR(Power!J41/(C72*C73),"") | C78: =IFERROR(Power!J47,"") | D78: =IFERROR(Power!J47/(Power!J41/(C72*C73)),"")
A79: all three out | B79: =IFERROR(Power!J41/(C72*C73*C74),"") | C79: =IFERROR(Power!J48,"") | D79: =IFERROR(Power!J48/(Power!J41/(C72*C73*C74)),"")
A81: Per objective, and the number the gates actually eat
A82: Objective | B82: mW @100% | C82: vs 20x | D82: Area (cm^2) | E82: Irradiance (W/cm^2)
A83: 4x | B83: =IFERROR(Power!J42,"") | C83: =IFERROR(Power!J42/Power!J41,"") | D83: =IFERROR(Area!G6,"") | E83: =IFERROR((Power!J42/1000)/Area!G6,"")
A84: 10x | B84: =IFERROR(Power!J43,"") | C84: =IFERROR(Power!J43/Power!J41,"") | D84: =IFERROR(Area!G7,"") | E84: =IFERROR((Power!J43/1000)/Area!G7,"")
A85: 20x | B85: =IFERROR(Power!J41,"") | C85: =IFERROR(Power!J41/Power!J41,"") | D85: =IFERROR(Area!G8,"") | E85: =IFERROR((Power!J41/1000)/Area!G8,"")
A88: Block 4 | B88: =IFERROR(Power!C50&" "&Power!D50&" nm","")
A89: Linearity | F89: linear_in_level is TRUE only if these deviations stay small
A90: Level % | B90: Measured mW | C90: If linear | D90: Deviation
A91: 0 | B91: =IFERROR(Power!J50,"") | C91: =IFERROR(Power!J55*0/100,"") | D91: =IFERROR(Power!J50/(Power!J55*0/100)-1,"")
A92: 5 | B92: =IFERROR(Power!J51,"") | C92: =IFERROR(Power!J55*5/100,"") | D92: =IFERROR(Power!J51/(Power!J55*5/100)-1,"")
A93: 10 | B93: =IFERROR(Power!J52,"") | C93: =IFERROR(Power!J55*10/100,"") | D93: =IFERROR(Power!J52/(Power!J55*10/100)-1,"")
A94: 30 | B94: =IFERROR(Power!J53,"") | C94: =IFERROR(Power!J55*30/100,"") | D94: =IFERROR(Power!J53/(Power!J55*30/100)-1,"")
A95: 50 | B95: =IFERROR(Power!J54,"") | C95: =IFERROR(Power!J55*50/100,"") | D95: =IFERROR(Power!J54/(Power!J55*50/100)-1,"")
A96: 100 | B96: =IFERROR(Power!J55,"") | C96: =IFERROR(Power!J55*100/100,"") | D96: =IFERROR(Power!J55/(Power!J55*100/100)-1,"")
A98: Element transmission | F98: T = reference / (that element removed). T<1 means it attenuates.
A99: Element | B99: mW with it out | C99: T
A100: mirror | B100: =IFERROR(Power!J58,"") | C100: =IFERROR(Power!J55/Power!J58,"")
A101: multiband | B101: =IFERROR(Power!J59,"") | C101: =IFERROR(Power!J55/Power!J59,"")
A102: IR | B102: =IFERROR(Power!J60,"") | C102: =IFERROR(Power!J55/Power!J60,"")
A104: Cross-check: does the product hold? | F104: If agreement departs from 1.00, the 13-row reduction is void.
A105: Case | B105: Predicted mW | C105: Measured mW | D105: Agreement
A106: mirror + multiband out | B106: =IFERROR(Power!J55/(C100*C101),"") | C106: =IFERROR(Power!J61,"") | D106: =IFERROR(Power!J61/(Power!J55/(C100*C101)),"")
A107: all three out | B107: =IFERROR(Power!J55/(C100*C101*C102),"") | C107: =IFERROR(Power!J62,"") | D107: =IFERROR(Power!J62/(Power!J55/(C100*C101*C102)),"")
A109: Per objective, and the number the gates actually eat
A110: Objective | B110: mW @100% | C110: vs 20x | D110: Area (cm^2) | E110: Irradiance (W/cm^2)
A111: 4x | B111: =IFERROR(Power!J56,"") | C111: =IFERROR(Power!J56/Power!J55,"") | D111: =IFERROR(Area!G6,"") | E111: =IFERROR((Power!J56/1000)/Area!G6,"")
A112: 10x | B112: =IFERROR(Power!J57,"") | C112: =IFERROR(Power!J57/Power!J55,"") | D112: =IFERROR(Area!G7,"") | E112: =IFERROR((Power!J57/1000)/Area!G7,"")
A113: 20x | B113: =IFERROR(Power!J55,"") | C113: =IFERROR(Power!J55/Power!J55,"") | D113: =IFERROR(Area!G8,"") | E113: =IFERROR((Power!J55/1000)/Area!G8,"")
